<?xml version="1.0" encoding="UTF-8" standalone="yes"?>
<administeredSettingHaul xmlns:a="http://www.appian.com/ae/types/2009">
    <uuid>conf.embedded.ALLOWED_ORIGINS</uuid>
    <isDefault>false</isDefault>
    <allowedOrigins>
        <allowedOrigins>daily-zinc-blender.glitch.me</allowedOrigins>
        <allowedOrigins>maps.googleapis.com</allowedOrigins>
        <allowedOrigins>vc03-b09-slv2.corp.exlservice.com</allowedOrigins>
        <allowedOrigins>outlook.office.com</allowedOrigins>
    </allowedOrigins>
</administeredSettingHaul>
