<?xml version="1.0" encoding="UTF-8" standalone="yes"?>
<contentHaul xmlns:a="http://www.appian.com/ae/types/2009">
    <versionUuid>_a-0000e6f7-5f43-8000-9ba8-011c48011c48_26624</versionUuid>
    <document>
        <name>exl_logo_rgb_orange_pos</name>
        <uuid>SYSTEM_CUSTOM_BRANDING_LOGO_IMAGE</uuid>
        <description></description>
        <parentUuid>SYSTEM_CUSTOM_BRANDING_ROOT_FOLDER</parentUuid>
        <visibility>
            <advertise>false</advertise>
            <hierarchy>false</hierarchy>
            <indexable>false</indexable>
            <quota>false</quota>
            <searchable>false</searchable>
            <system>false</system>
            <unlogged>true</unlogged>
        </visibility>
    </document>
    <file>file.png</file>
    <roleMap public="false">
        <role inherit="false" allowForAll="true" name="readers">
            <users/>
            <groups/>
        </role>
        <role inherit="false" allowForAll="false" name="authors">
            <users/>
            <groups>
                <groupUuid>SYSTEM_GROUP_COLLABORATION_ADMINISTRATORS</groupUuid>
            </groups>
        </role>
        <role inherit="false" allowForAll="false" name="administrators">
            <users>
                <userUuid>Administrator</userUuid>
            </users>
            <groups>
                <groupUuid>SYSTEM_GROUP_COLLABORATION_ADMINISTRATORS</groupUuid>
            </groups>
        </role>
        <role inherit="false" allowForAll="false" name="denyReaders">
            <users/>
            <groups/>
        </role>
        <role inherit="false" allowForAll="false" name="denyAuthors">
            <users/>
            <groups/>
        </role>
        <role inherit="false" allowForAll="false" name="denyAdministrators">
            <users/>
            <groups/>
        </role>
    </roleMap>
    <history>
        <historyInfo versionUuid="_a-0000e6f7-5f43-8000-9ba8-011c48011c48_26624"/>
    </history>
</contentHaul>
