<?xml version="1.0" encoding="UTF-8" standalone="yes"?>
<groupHaul xmlns:a="http://www.appian.com/ae/types/2009">
    <versionUuid>0c746c81-74ab-4180-a372-6a232d7993b3</versionUuid>
    <group>
        <name>AD Users</name>
        <securityMap>SECURITYMAP_TEAM</securityMap>
        <uuid>0c746c81-74ab-4180-a372-6a232d7993b3</uuid>
        <groupTypeUuid>SYSTEM_GROUP_TYPE_CUSTOM</groupTypeUuid>
        <description>Assigns Viewer permissions to users for objects in the application</description>
        <delegatedCreation>false</delegatedCreation>
        <memberPolicy>MEMBERPOLICY_CLOSED</memberPolicy>
        <viewingPolicy>VIEWINGPOLICY_LOW</viewingPolicy>
        <attributes/>
    </group>
    <members>
        <users/>
        <groups>
            <groupUuid>d77a4430-a007-4d98-8530-0a8f5135b0a8</groupUuid>
        </groups>
    </members>
    <admins>
        <users/>
        <groups>
            <groupUuid>d77a4430-a007-4d98-8530-0a8f5135b0a8</groupUuid>
        </groups>
    </admins>
    <ruleSet/>
    <history>
        <historyInfo versionUuid="0c746c81-74ab-4180-a372-6a232d7993b3"/>
    </history>
</groupHaul>
